label,score,n,mass_on_cat,fdc0,fdc1,fdc2,fdc3,fdc4,fdc5,fdc6,fdc7,dc_mean,dc_p10,dc_p50
ens12-adopted-7f00890a,0.1563,172974,6455.0,0.037317747175876145,0.09582943101275336,0.06928786985327275,0.07451987003827165,0.14849052458751028,0.2086729797541827,0.19651508319169356,0.16936649438643958,21.13355827331543,1.0,13.0
dual-family-union-f68e590f,0.156,183642,7693.0,0.04189128848520491,0.10419185153723004,0.07195521721610525,0.07533679659337189,0.14673113993530892,0.203428409623071,0.1911763104300759,0.1652889861796321,20.672948837280273,1.0,12.369317054748535
gemsdoe4-combined-237f0063,0.0343,264247,5924.0,0.022418419130586155,0.059758483540021265,0.05173947102521505,0.06712280555692213,0.1524671992491873,0.21040541614474337,0.21866284196225502,0.21742536339106971,24.193788528442383,2.0,16.278820037841797
Hedge-v2-8GEMSDOE,0.1563,227507,60988.0,0.26807087254458106,0.07285929663702655,0.052679697767541216,0.056657597348653006,0.11289762512801804,0.15865445898367964,0.1494107873603889,0.1287696642301116,16.067886352539062,0.0,6.7082037925720215
h25-ctx-ridge,0.128,174232,12866.0,0.07384406997566463,0.1429128977455347,0.09485054410211671,0.11497313926259241,0.20938174388172093,0.1890295697690436,0.1085908443913862,0.06641719087194085,12.111443519592285,1.0,6.082762718200684
r13-lattice-s5,0.0904,206895,2391.0,0.011556586674400057,0.03433625752193142,0.03269291186350564,0.046352014306773964,0.12292708861983132,0.1979699847748858,0.2613257932767829,0.2928393629618889,30.850948333740234,3.605551242828369,23.194826126098633
h19-5-powerlaw,0.1922,121131,0.0,0.0,0.10978197158448291,0.0762315179433836,0.07638011739356565,0.14359660202590585,0.1778240087178344,0.18573280167752268,0.2304529806573049,24.824491500854492,1.4142135381698608,14.560219764709473
h25-1-dotted-d1-5,0.2477,60069,0.0,0.0,0.11555045031547054,0.07011936273285721,0.07336562952604504,0.14290232898833008,0.17821172318500392,0.1896152757662022,0.230235229486091,24.85529136657715,1.4142135381698608,14.866068840026855
efd28-repro,0.26,44090,0.0,0.0,0.11549104105239283,0.0670220004536176,0.0734180086187344,0.14270809707416648,0.1793603991834883,0.19174415967339534,0.23025629394420505,24.951581954956055,1.4142135381698608,15.0
gems6_hgb88-topk03_33cec71ff0,0.0286,155021,23605.0,0.1522696924932751,0.34014746389198885,0.20295314828313582,0.15291476638648957,0.11376523180730352,0.02576425129498584,0.008514975390430973,0.0036704704523903213,2.9177656173706055,0.0,2.0
pindrop-v4-nodes-20260925T152420Z-f347b70daa,0.1193,155021,0.0,0.0,0.051038246431128684,0.03028621928641926,0.04231684739486908,0.11927416285535508,0.19741196354042356,0.26378361641326015,0.2958889440785442,31.099998474121094,3.605551242828369,23.53720474243164
pindrop-v4-discovery-20260925T152423Z-37f9d5b855,0.083,155021,0.0,0.0,0.04321995084536934,0.03364705427006664,0.04695492868708111,0.12224795350307378,0.1994697492597777,0.2636739538514137,0.2907864095832178,30.740386962890625,3.605551242828369,23.25940704345703
pindrop-v4-ridge-20260925T152422Z-4e03fc9705,0.1152,155021,0.0,0.0,0.11419743131575721,0.06726185484547255,0.07509950264802834,0.15343082550106116,0.19494133052941215,0.20884267292818393,0.18622638223208468,21.926401138305664,1.4142135381698608,14.0
lidarscarp-ridge-top2pct-36c3a3f341c8,0.1461,76859,0.0,0.0,0.13872155505536113,0.0748643620135573,0.07902783018254206,0.15136808961865234,0.17766299327339674,0.176361909470589,0.20199326038590146,23.326580047607422,1.0,12.369317054748535
2314b599,0.0107,343816,2074.0,0.006032296344556391,0.017404658305605322,0.016616446006003212,0.024242618144588966,0.06223386927891663,0.0915925960397422,0.10206040440235475,0.6798171114782325,297.2190856933594,7.6157732009887695,119.45500946044922
gems-structural-area06-v1,0.0202,343526,60988.0,0.17753532483713022,0.19590656893510244,0.14553774677899198,0.15145578500608398,0.20525083981998452,0.0937541845449835,0.023212216833660336,0.007347333244063041,4.830438613891602,0.0,2.8284270763397217
r7-nms3-dem10-scarp_0c9199f14e62,0.1294,103347,0.0,0.0,0.13327914695153223,0.08481136365835486,0.10309926751623172,0.21304924187446175,0.21931938034001955,0.15124773820236678,0.0951938614570331,15.702881813049316,1.0,8.9442720413208
r7-nms3-dem10-scarp_0c9199f14e62,0.1294,103347,0.0,0.0,0.13327914695153223,0.08481136365835486,0.10309926751623172,0.21304924187446175,0.21931938034001955,0.15124773820236678,0.0951938614570331,15.702881813049316,1.0,8.9442720413208
gems-tso1-20260929T005627Z-conj_alteration_mag,0.0782,99999,1263.0,0.012630126301263013,0.03623036230362304,0.03280032800328003,0.04773047730477305,0.12893128931289313,0.20469204692046922,0.2579025790257903,0.27908279082790827,30.06699562072754,3.605551242828369,22.022714614868164
17GEMSDOE_F-ensemble-2pct_20260930T050626Z,0.0187,103347,12601.0,0.12192903519211976,0.2954899513290178,0.2076983366716015,0.1785247757554646,0.15644382517150957,0.032250573311271735,0.005679893949509904,0.0019836086195051624,3.162964344024658,0.0,2.0
H19-C_20260930T212401Z_c11e495e,0.0297,513786,60988.0,0.11870311764041838,0.04171581164142269,0.03496591966305038,0.04517445006286664,0.1135005624909982,0.1835783769896416,0.23849229056455412,0.22386947094704798,24.603025436401367,0.0,17.69180679321289
h19-4-multiline-corroborated-openness-thermal-pop-20260930-691e4dfa-nan,0.1894,123779,0.0,0.0,0.10858869436657269,0.07615993019817578,0.0759014049232907,0.1438450787290251,0.17699286631819613,0.1871884568464764,0.2313235686182632,24.885833740234375,1.4142135381698608,14.764822959899902
h16-continuation-20260927T065521077735Z-3431b83c7c,0.0461,310042,26510.0,0.0855045445455777,0.21704478748040587,0.167870804600667,0.18099483295811536,0.21116816431322208,0.09176176130975804,0.03221821559659659,0.013436889195657362,5.650269031524658,1.0,3.0
h20-dem10-scarp-thin-20260927T155223039488Z-ffc91a1686,0.0921,153957,10300.0,0.06690179725507772,0.1649161778938275,0.12580785544015538,0.1480932987782303,0.23094110693245518,0.15368576940314504,0.07193567034951318,0.03771832394759576,9.037752151489258,1.0,4.4721360206604
h28-dotted-ridge-20260928T020256236880Z-6452ae1d00,0.1839,69281,4045.0,0.0583854159148973,0.11013120480362582,0.08025288318586625,0.10663818362898919,0.20979778005513777,0.2111112714885755,0.13794546845455463,0.08573779246835352,14.349997520446777,1.0,8.0
h16-1-topo-geophys-baseline-ridges-20260930-df20f65e-nan,0.1855,123939,0.0,0.0,0.10743995029813053,0.07591637821831708,0.07564204971800643,0.14405473660429727,0.17793430639266092,0.19063410225998273,0.22837847650860504,24.758207321166992,1.4142135381698608,14.866068840026855
h18-3a-topo-geophys-x-complexity-prior-20260930-c502dfab-nan,0.0976,122120,0.0,0.0,0.14340812315754994,0.1049213887979037,0.11447756305273502,0.22059449721585325,0.2286603340976089,0.14953324598755321,0.03840484769079594,11.783162117004395,1.0,7.6157732009887695
h18-4-usgs-geologic-map-faults-gap-20260930-aef8f42c-nan,0.036,57783,0.0,0.0,0.0,0.0,0.07050516587923784,0.14753474205216066,0.22750636000207675,0.28312825571534883,0.27132547635117593,29.5292911529541,5.385164737701416,23.021728515625
h19-4-reference-20260930-691e4dfa,0.1894,123779,0.0,0.0,0.10858869436657269,0.07615993019817578,0.0759014049232907,0.1438450787290251,0.17699286631819613,0.1871884568464764,0.2313235686182632,24.885833740234375,1.4142135381698608,14.764822959899902
h20-1-sarnnpu-powerlaw-pi0363-tilt-wingcrack-20260930-be0e8f6b-nan,0.189,123829,0.0,0.0,0.10984502822440624,0.0774132069224495,0.0775424173658836,0.1457332288882249,0.17696985358841627,0.18490822020689823,0.22758804480372127,24.635759353637695,1.4142135381698608,14.317821502685547
h23-a-dti-optimal-emission-6pct-20261002-e2ec4b49-nan,0.1002,335879,0.0,0.0,0.05590108342587658,0.12291033378091515,0.09589167527591781,0.1775966940475588,0.2112933526656921,0.1889430419883351,0.14746381881570447,19.385889053344727,2.0,11.661903381347656
h23-b-dti-optimal-emission-10pct-20261002-86176698-nan,0.0748,516738,0.0,0.0,0.04606009234854026,0.10382243999860664,0.0785040000928904,0.1584187731500296,0.2128796411334177,0.2177970267330833,0.18251802654343208,22.232025146484375,2.2360680103302,14.560219764709473
h30-arrangement-matched-habitat-20261002-0d4e02e8-nan,0.1352,91533,0.0,0.0,0.07061933947319546,0.048015469830552916,0.06228354801000732,0.15368227852250008,0.21556160073416145,0.2317306326679995,0.21810713076158325,25.521997451782227,2.2360680103302,17.0880069732666
dotted-h19-5-d2-8-20261002-e56ea318af89-nan,0.26,44090,0.0,0.0,0.11549104105239283,0.0670220004536176,0.0734180086187344,0.14270809707416648,0.1793603991834883,0.19174415967339534,0.23025629394420505,24.951581954956055,1.4142135381698608,15.0
dilcond-oof-v1-20261003-47629f496133-nan,0.1223,60068,1398.0,0.02327362322700939,0.06108077512152894,0.05070919624425651,0.06600852367317041,0.15236065792102285,0.204201904508224,0.22474528867283744,0.21762003063195046,24.814796447753906,2.0,16.76305389404297
topo-gap-closure-t-v2-on-d1-5-20261002-5512495c6bd1-nan,0.2449,61328,0.0,0.0,0.11448278111140099,0.07024523871641013,0.07823506391860162,0.14833355074354293,0.17747195408296373,0.18572267153665536,0.22550873989042525,24.46788787841797,1.4142135381698608,14.142135620117188
h27-4-r1-solo-d2-8-20261003-8acb75e1f2cc-nan,0.2708,40199,0.0,0.0,0.02987636508370855,0.07350929127590239,0.0805243911540088,0.1565213065001617,0.19672131147540983,0.21030373889897758,0.25254359561183115,27.26993751525879,2.8284270763397217,17.69180679321289
h32-1-prethin-tip-euler-d2-8-20261003-31e35eee884e-nan,0.2649,42294,0.0,0.0,0.07419492126542772,0.07421856528112734,0.07613373055279708,0.1486972147349506,0.18683501205844802,0.19988650872464178,0.24003404738260747,25.976213455200195,2.0,16.124515533447266
repo-c0-habitat-emission-20261003-a4d439b07426-nan,0.0041,37913,0.0,0.0,0.4295360430459209,0.1846332392583019,0.20776514651966344,0.17806557117611374,0.0,0.0,0.0,2.628021478652954,1.0,2.2360680103302
d28-poisson300m-offcat-44090-20261003T233156Z-91eae1ca,0.26,44090,0.0,0.0,0.11549104105239283,0.0670220004536176,0.0734180086187344,0.14270809707416648,0.1793603991834883,0.19174415967339534,0.23025629394420505,24.951581954956055,1.4142135381698608,15.0
h27-4-solo-d28-20261004-8acb75e1-nan,0.2708,40199,0.0,0.0,0.02987636508370855,0.07350929127590239,0.0805243911540088,0.1565213065001617,0.19672131147540983,0.21030373889897758,0.25254359561183115,27.26993751525879,2.8284270763397217,17.69180679321289
h33-h33-2-b2-20261004T220000Z-e5eb6e7e-zeros,0.2778,37654,0.0,0.0,0.0,0.04278429914484517,0.08596696234131831,0.16710044085621714,0.21001752801827164,0.22451797949753013,0.2696127901418176,28.996593475341797,4.0,19.646883010864258
h33d-analog-tip-stepover-r30-20261004-cb490425926e,0.2632,41865,0.0,0.0,0.0606473187626896,0.07056013376328675,0.07808431864325809,0.1519407619730085,0.19061268362594053,0.20372626298817628,0.24442852024364028,26.435606002807617,2.2360680103302,16.6433162689209
h33d-analog-tip-stepover-r30-20261004-cb490425926e,0.2632,41865,0.0,0.0,0.0606473187626896,0.07056013376328675,0.07808431864325809,0.1519407619730085,0.19061268362594053,0.20372626298817628,0.24442852024364028,26.435606002807617,2.2360680103302,16.6433162689209
h34-scatter-q50-arr-matched-20261004T223317Z,0.0778,37654,0.0,0.0,0.0,0.04097838211079832,0.08649811441015563,0.1676581505284963,0.21046900727678333,0.224544537100972,0.2698518085727944,27.85347557067871,4.123105525970459,19.646883010864258
h35-06-aaa86efb25-20261004T225420098147Z-candidate,0.0418,39530,0.0,0.0,0.09812800404755882,0.0877814318239312,0.10554009612952188,0.14234758411333165,0.11988363268403744,0.2387553756640526,0.20756387553756642,23.590055465698242,2.0,15.0
